{
  "project_info": {
    "project_number": "280850144873",
    "firebase_url": "https://vital-apps-bd20f.firebaseio.com",
    "project_id": "vital-apps-bd20f",
    "storage_bucket": "vital-apps-bd20f.appspot.com"
  },
  "client": [
    {
      "client_info": {
        "mobilesdk_app_id": "1:280850144873:android:1cce668b42761290fc0cf8",
        "android_client_info": {
          "package_name": "com.vital_tea_app"
        }
      },
      "oauth_client": [
        {
          "client_id": "280850144873-0i48okv1ia162khkk46pl0i5pr4p5utb.apps.googleusercontent.com",
          "client_type": 3
        }
      ],
      "api_key": [
        {
          "current_key": "AIzaSyBo_0hxc0fO4LP47LGIC_geV9Jcop2XHnU"
        }
      ],
      "services": {
        "appinvite_service": {
          "other_platform_oauth_client": [
            {
              "client_id": "280850144873-0i48okv1ia162khkk46pl0i5pr4p5utb.apps.googleusercontent.com",
              "client_type": 3
            }
          ]
        }
      }
    }
  ],
  "configuration_version": "1"
}